Country,Region,Happiness Rank,Ladder score,Economy,Social support,Health,Freedom,Trust,Generosity,Dystopia Residual,Year,Emoji,Latitude,Longitude,Population,Percent_Population_aged_0_14,Percent_Population_aged_10_19,Percent_Population_aged_10_24,Percent_Population_aged_15_64,Percent_Population_aged_65_and_older,LifeExpectancy_male,LifeExpectancy_female
Finland,Western Europe,1,7.741,1.844,1.572,0.695,0.859,0.546,0.142,2.082,2024,🤩,63.2467777,25.9209164,5.5,15.0,11.0,17.0,61.0,24.0,80.0,85.0
Denmark,Western Europe,2,7.583,1.908,1.52,0.699,0.823,0.548,0.204,1.881,2024,🤩,55.670249,10.3333283,5.9,16.0,11.0,17.0,63.0,21.0,80.0,84.0
Iceland,Western Europe,3,7.525,1.881,1.617,0.718,0.819,0.182,0.258,2.05,2024,🤩,64.9841821,-18.1059013,0.4,18.0,13.0,19.0,66.0,16.0,82.0,85.0
Sweden,Western Europe,4,7.344,1.878,1.501,0.724,0.838,0.524,0.221,1.658,2024,🤩,59.6749712,14.5208584,10.7,17.0,12.0,18.0,62.0,21.0,82.0,85.0
Israel,Middle East and North Africa,5,7.341,1.803,1.513,0.74,0.641,0.193,0.153,2.298,2024,🤩,30.8124247,34.8594762,9.3,28.0,17.0,24.0,60.0,12.0,82.0,85.0
Netherlands,Western Europe,6,7.319,1.901,1.462,0.706,0.725,0.372,0.247,1.906,2024,🤩,52.2434979,5.6343227,17.7,15.0,11.0,17.0,64.0,21.0,81.0,84.0
Norway,Western Europe,7,7.302,1.952,1.517,0.704,0.835,0.484,0.224,1.586,2024,🤩,64.5731537,11.52803643954820,5.5,16.0,12.0,18.0,65.0,19.0,82.0,85.0
Luxembourg,Western Europe,8,7.122,2.141,1.355,0.708,0.801,0.432,0.146,1.54,2024,🤩,49.6112768,6.129799,0.7,16.0,11.0,16.0,69.0,16.0,81.0,85.0
Switzerland,Western Europe,9,7.06,1.97,1.425,0.747,0.759,0.498,0.173,1.488,2024,🤩,46.7985624,8.2319736,8.9,15.0,10.0,15.0,65.0,20.0,83.0,86.0
Australia,North America and ANZ,10,7.057,1.854,1.461,0.692,0.756,0.323,0.225,1.745,2024,🤩,-24.7761086,134.755,26.7,18.0,12.0,18.0,65.0,18.0,82.0,86.0
New Zealand,North America and ANZ,11,7.029,1.81,1.527,0.673,0.746,0.48,0.226,1.567,2024,🤩,-41.5000831,172.8344077,5.3,18.0,13.0,19.0,65.0,17.0,82.0,85.0
Costa Rica,Latin America and Caribbean,12,6.955,1.561,1.373,0.661,0.797,0.123,0.109,2.333,2024,🤩,10.2735633,-84.0739102,5.2,19.0,14.0,21.0,69.0,12.0,78.0,83.0
Kuwait,Middle East and North Africa,13,6.951,1.845,1.364,0.661,0.827,0.172,0.2,1.884,2024,🤩,29.3796532,47.9734174,4.3,19.0,14.0,19.0,75.0,6.0,79.0,83.0
Austria,Western Europe,14,6.905,1.885,1.336,0.696,0.703,0.305,0.214,1.766,2024,🤩,47.59397,14.12456,9.0,14.0,10.0,15.0,65.0,21.0,81.0,85.0
Canada,North America and ANZ,15,6.9,1.84,1.459,0.701,0.73,0.368,0.23,1.572,2024,🤩,61.0666922,-107.991707,39.1,15.0,11.0,17.0,65.0,20.0,81.0,85.0
Belgium,Western Europe,16,6.894,1.868,1.44,0.69,0.729,0.311,0.17,1.686,2024,🤩,50.6402809,4.6667145,11.7,16.0,12.0,17.0,63.0,20.0,81.0,85.0
Ireland,Western Europe,17,6.838,2.129,1.39,0.7,0.758,0.418,0.205,1.239,2024,🤩,52.865196,-7.9794599,5.1,19.0,14.0,20.0,65.0,16.0,81.0,85.0
Ireland,Western Europe,17,6.838,2.129,1.39,0.7,0.758,0.418,0.205,1.239,2024,🤩,52.865196,-7.9794599,68.0,17.0,12.0,18.0,63.0,20.0,81.0,84.0
Czechia,Central and Eastern Europe,18,6.822,1.783,1.511,0.638,0.787,0.068,0.177,1.858,2024,🤩,49.7439047,15.3381061,10.5,16.0,11.0,16.0,64.0,21.0,77.0,83.0
Lithuania,Central and Eastern Europe,19,6.818,1.766,1.454,0.598,0.533,0.116,0.044,2.307,2024,🤩,55.3500003,23.7499997,2.7,15.0,10.0,15.0,63.0,22.0,73.0,81.0
Slovenia,Central and Eastern Europe,21,6.743,1.786,1.502,0.695,0.789,0.131,0.157,1.683,2024,🤩,46.1199444,14.8153333,2.1,15.0,10.0,15.0,63.0,22.0,80.0,85.0
United Arab Emirates,Middle East and North Africa,22,6.733,1.983,1.164,0.563,0.815,0.258,0.209,1.741,2024,🤩,24.0002488,53.9994829,9.6,15.0,9.0,14.0,83.0,2.0,79.0,83.0
United States,North America and ANZ,23,6.725,1.939,1.392,0.542,0.586,0.169,0.223,1.873,2024,🤩,39.7837304,-100.445882,341.8,17.0,13.0,19.0,65.0,18.0,77.0,82.0
United States,North America and ANZ,23,6.725,1.939,1.392,0.542,0.586,0.169,0.223,1.873,2024,🤩,39.7837304,-100.445882,0.1,19.0,13.0,18.0,60.0,21.0,71.0,82.0
Germany,Western Europe,24,6.719,1.871,1.39,0.702,0.7,0.368,0.174,1.513,2024,🤩,51.1638175,10.4478313,83.3,14.0,9.0,14.0,63.0,23.0,80.0,85.0
Mexico,Latin America and Caribbean,25,6.678,1.521,1.241,0.544,0.722,0.127,0.086,2.437,2024,🤩,19.4326296,-99.1331785,129.4,24.0,17.0,25.0,68.0,9.0,72.0,79.0
Uruguay,Latin America and Caribbean,26,6.611,1.596,1.431,0.592,0.775,0.22,0.106,1.891,2024,🤩,-32.8755548,-56.0201525,3.4,18.0,14.0,21.0,66.0,16.0,75.0,82.0
France,Western Europe,27,6.609,1.818,1.348,0.727,0.65,0.281,0.112,1.672,2024,🤩,46.603354,1.8883335,64.9,17.0,12.0,18.0,61.0,22.0,81.0,86.0
Saudi Arabia,Middle East and North Africa,28,6.594,1.842,1.361,0.511,0.787,0.188,0.114,1.79,2024,🤩,25.6242618,42.3528328,37.5,25.0,16.0,23.0,71.0,3.0,77.0,80.0
Singapore,Southeast Asia,30,6.523,2.118,1.361,0.769,0.743,0.575,0.168,0.788,2024,🤩,1.357107,103.8194992,6.1,12.0,8.0,13.0,71.0,17.0,82.0,87.0
Romania,Central and Eastern Europe,32,6.491,1.699,1.236,0.583,0.717,0.006,0.041,2.21,2024,🤩,45.9852129,24.6859225,4.7,27.0,15.0,21.0,70.0,3.0,78.0,81.0
Romania,Central and Eastern Europe,32,6.491,1.699,1.236,0.583,0.717,0.006,0.041,2.21,2024,🤩,45.9852129,24.6859225,19.6,16.0,11.0,16.0,65.0,19.0,74.0,81.0
El Salvador,Latin America and Caribbean,33,6.469,1.265,1.08,0.549,0.816,0.253,0.083,2.424,2024,🤩,13.8000382,-88.9140683,6.4,25.0,17.0,27.0,67.0,9.0,69.0,78.0
Estonia,Central and Eastern Europe,34,6.448,1.752,1.527,0.657,0.805,0.401,0.166,1.138,2024,🤩,58.7523778,25.3319078,1.3,16.0,11.0,16.0,63.0,21.0,75.0,83.0
Poland,Central and Eastern Europe,35,6.442,1.738,1.417,0.639,0.6,0.175,0.081,1.791,2024,🤩,52.215933,19.134422,40.2,15.0,10.0,16.0,66.0,19.0,75.0,82.0
Spain,Western Europe,36,6.421,1.766,1.471,0.729,0.619,0.177,0.119,1.54,2024,🤩,39.3260685,-4.8379791,47.5,13.0,10.0,16.0,66.0,21.0,82.0,87.0
Serbia,Central and Eastern Europe,37,6.411,1.538,1.391,0.585,0.663,0.101,0.2,1.932,2024,🤩,44.02432285,21.07657433209900,7.1,15.0,10.0,15.0,65.0,21.0,74.0,80.0
Chile,Latin America and Caribbean,38,6.36,1.616,1.369,0.673,0.651,0.075,0.117,1.858,2024,🤩,-31.7613365,-71.3187697,19.7,18.0,12.0,19.0,68.0,14.0,79.0,84.0
Panama,Latin America and Caribbean,39,6.358,1.702,1.392,0.633,0.72,0.043,0.063,1.806,2024,🤩,8.559559,-81.1308434,4.5,26.0,17.0,24.0,65.0,9.0,76.0,82.0
Malta,Western Europe,40,6.346,1.827,1.444,0.707,0.727,0.125,0.25,1.267,2024,🤩,35.8885993,14.4476911,0.5,13.0,8.0,13.0,67.0,20.0,82.0,86.0
Italy,Western Europe,41,6.324,1.8,1.328,0.72,0.513,0.074,0.112,1.777,2024,🤩,42.6384261,12.674297,58.7,12.0,9.0,14.0,63.0,25.0,82.0,86.0
Guatemala,Latin America and Caribbean,42,6.287,1.26,1.169,0.467,0.735,0.078,0.105,2.473,2024,🤩,15.5855545,-90.345759,18.4,31.0,21.0,31.0,64.0,5.0,71.0,77.0
Nicaragua,Latin America and Caribbean,43,6.284,1.097,1.263,0.542,0.793,0.251,0.133,2.203,2024,🤩,12.6090157,-85.2936911,7.1,29.0,19.0,28.0,65.0,6.0,72.0,78.0
Brazil,Latin America and Caribbean,44,6.272,1.43,1.269,0.548,0.685,0.142,0.13,2.068,2024,🤩,-10.3333333,-53.2,217.6,20.0,14.0,21.0,70.0,11.0,73.0,79.0
Slovakia,Central and Eastern Europe,45,6.257,1.706,1.54,0.638,0.566,0.058,0.096,1.653,2024,🤩,48.7411522,19.4528646,5.7,16.0,10.0,16.0,67.0,18.0,75.0,82.0
Latvia,Central and Eastern Europe,46,6.234,1.7,1.508,0.564,0.666,0.078,0.127,1.59,2024,🤩,56.8406494,24.7537645,1.8,15.0,11.0,15.0,62.0,23.0,72.0,80.0
Uzbekistan,Commonwealth of Independent States,47,6.195,1.212,1.394,0.539,0.835,0.215,0.251,1.749,2024,🤩,41.32373,63.9528098,35.7,30.0,17.0,24.0,64.0,6.0,69.0,75.0
Argentina,Latin America and Caribbean,48,6.188,1.562,1.381,0.585,0.681,0.08,0.087,1.812,2024,🤩,-34.9964963,-64.9672817,46.1,22.0,16.0,23.0,65.0,12.0,75.0,81.0
Kazakhstan,Commonwealth of Independent States,49,6.188,1.622,1.457,0.556,0.733,0.12,0.149,1.551,2024,🤩,48.1012954,66.7780818,19.8,29.0,17.0,23.0,62.0,8.0,68.0,76.0
Cyprus,Western Europe,50,6.068,1.794,1.217,0.744,0.529,0.049,0.124,1.611,2024,🤩,34.9174159,32.889902651331900,1.3,16.0,10.0,16.0,69.0,16.0,80.0,84.0
Japan,East Asia,51,6.06,1.786,1.354,0.785,0.632,0.219,0.023,1.261,2024,🤩,36.5748441,139.2394179,122.6,11.0,9.0,13.0,58.0,30.0,82.0,88.0
South Korea,East Asia,52,6.058,1.815,1.178,0.77,0.555,0.158,0.126,1.456,2024,🤩,36.638392,127.6961188,26.2,19.0,12.0,19.0,69.0,13.0,71.0,76.0
South Korea,East Asia,52,6.058,1.815,1.178,0.77,0.555,0.158,0.126,1.456,2024,🤩,36.638392,127.6961188,51.7,11.0,9.0,14.0,70.0,19.0,81.0,87.0
Philippines,Southeast Asia,53,6.048,1.232,1.146,0.441,0.826,0.136,0.099,2.167,2024,🤩,12.7503486,122.7312101,119.1,30.0,19.0,28.0,65.0,6.0,70.0,74.0
Vietnam,Southeast Asia,54,6.043,1.331,1.267,0.539,0.843,0.16,0.094,1.81,2024,🤩,15.9266657,107.9650855,99.5,22.0,14.0,21.0,68.0,10.0,70.0,80.0
Portugal,Western Europe,55,6.03,1.728,1.368,0.699,0.757,0.035,0.047,1.397,2024,🤩,39.6621648,-8.1353519,10.2,13.0,10.0,15.0,63.0,24.0,80.0,85.0
Hungary,Central and Eastern Europe,56,6.017,1.722,1.528,0.596,0.581,0.067,0.123,1.4,2024,🤩,47.1817585,19.5060937,10.0,14.0,10.0,16.0,65.0,20.0,74.0,80.0
Paraguay,Latin America and Caribbean,57,5.977,1.398,1.408,0.549,0.788,0.065,0.131,1.637,2024,😑,-23.3165935,-58.1693445,6.9,28.0,18.0,26.0,65.0,7.0,71.0,77.0
Thailand,Southeast Asia,58,5.976,1.484,1.347,0.62,0.756,0.024,0.283,1.463,2024,😑,7.4931858,124.724704,71.9,15.0,11.0,17.0,68.0,17.0,76.0,84.0
Malaysia,Southeast Asia,59,5.975,1.646,1.143,0.54,0.829,0.119,0.226,1.473,2024,😑,4.5693754,102.2656823,34.7,22.0,15.0,23.0,70.0,8.0,74.0,79.0
China,East Asia,60,5.973,1.497,1.239,0.629,0.704,0.164,0.132,1.608,2024,😑,35.000074,104.999927,1425.2,16.0,12.0,18.0,69.0,15.0,76.0,82.0
Honduras,Latin America and Caribbean,61,5.968,1.091,1.035,0.502,0.72,0.081,0.175,2.364,2024,😑,15.2572432,-86.0755145,10.8,29.0,19.0,29.0,66.0,5.0,71.0,76.0
Bahrain,Middle East and North Africa,62,5.959,1.0528089683724000,1.0536016878616700,0.5781719451213200,0.4665502520044420,0.1343054408313920,0.191616229732276,1.993702602386480,2024,😑,26.1551249,50.5344606,1.5,20.0,13.0,18.0,76.0,4.0,80.0,82.0
Croatia,Central and Eastern Europe,63,5.942,1.71,1.445,0.637,0.469,0.043,0.064,1.574,2024,😑,45.3658443,15.6575209,4.0,14.0,10.0,15.0,63.0,23.0,77.0,82.0
Greece,Western Europe,64,5.934,1.684,1.276,0.696,0.337,0.093,0.018,1.83,2024,😑,43.2097838,-77.6930602,10.3,13.0,10.0,16.0,63.0,24.0,80.0,85.0
Bosnia and Herzegovina,Central and Eastern Europe,65,5.877,1.465,1.318,0.587,0.621,0.0,0.246,1.64,2024,😑,44.3053476,17.5961467,3.2,15.0,10.0,16.0,66.0,19.0,76.0,80.0
Libya,Middle East and North Africa,66,5.866,1.526,1.1,0.55,0.592,0.204,0.111,1.785,2024,😑,26.8234472,18.1236723,7.0,27.0,19.0,28.0,68.0,5.0,70.0,77.0
Jamaica,Latin America and Caribbean,67,5.842,1.28,1.324,0.567,0.647,0.028,0.089,1.907,2024,😑,18.1850507,-77.3947693,2.8,19.0,15.0,23.0,73.0,8.0,70.0,75.0
Peru,Latin America and Caribbean,68,5.841,1.371,1.18,0.662,0.615,0.029,0.078,1.907,2024,😑,-6.8699697,-75.0458515,34.7,25.0,17.0,25.0,66.0,9.0,75.0,79.0
Dominican Republic,Latin America and Caribbean,69,5.823,1.517,1.272,0.511,0.73,0.196,0.086,1.512,2024,😑,19.0974031,-70.3028026,0.1,19.0,14.0,22.0,71.0,10.0,71.0,78.0
Dominican Republic,Latin America and Caribbean,69,5.823,1.517,1.272,0.511,0.73,0.196,0.086,1.512,2024,😑,19.0974031,-70.3028026,11.4,27.0,17.0,26.0,66.0,8.0,71.0,78.0
Mauritius,Sub-Saharan Africa,70,5.816,1.57,1.358,0.49,0.641,0.118,0.123,1.517,2024,😑,-20.2759451,57.5703566,1.3,16.0,12.0,20.0,70.0,14.0,73.0,79.0
Moldova,Commonwealth of Independent States,71,5.816,1.385,1.277,0.542,0.695,0.044,0.077,1.795,2024,😑,47.2879608,28.5670941,3.3,19.0,12.0,18.0,67.0,13.0,67.0,76.0
Russia,Commonwealth of Independent States,72,5.785,1.642,1.351,0.531,0.551,0.121,0.138,1.451,2024,😑,64.6863136,97.7453061,144.0,17.0,12.0,17.0,66.0,17.0,70.0,79.0
Bolivia,Latin America and Caribbean,73,5.784,1.217,1.179,0.488,0.719,0.061,0.1,2.02,2024,😑,-17.0568696,-64.9912286,12.6,30.0,20.0,29.0,65.0,5.0,66.0,72.0
Ecuador,Latin America and Caribbean,74,5.725,1.315,1.151,0.64,0.606,0.078,0.087,1.846,2024,😑,-1.3397668,-79.3666965,18.4,25.0,17.0,26.0,67.0,8.0,76.0,81.0
Kyrgyzstan,Commonwealth of Independent States,75,5.714,1.054,1.477,0.588,0.834,0.03,0.225,1.505,2024,😑,42.4858224,74.714583,6.8,34.0,20.0,27.0,61.0,5.0,68.0,76.0
Montenegro,Central and Eastern Europe,76,5.707,1.571,1.318,0.587,0.632,0.132,0.11,1.357,2024,😑,-29.6826112,-51.4687455,0.6,18.0,12.0,18.0,65.0,17.0,75.0,81.0
Mongolia,East Asia,77,5.696,1.353,1.511,0.4,0.501,0.055,0.237,1.64,2024,😑,43.9382593,-79.2235563,3.5,32.0,18.0,25.0,63.0,5.0,69.0,78.0
Colombia,Latin America and Caribbean,78,5.695,1.437,1.241,0.648,0.644,0.059,0.072,1.596,2024,😑,4.099917,-72.9088133,52.3,21.0,14.0,22.0,69.0,10.0,75.0,81.0
Venezuela,Latin America and Caribbean,79,5.607,0.0,1.321,0.491,0.518,0.086,0.192,2.998,2024,😑,8.0018709,-66.1109318,29.4,26.0,19.0,28.0,65.0,9.0,69.0,77.0
Indonesia,Southeast Asia,80,5.568,1.361,1.184,0.472,0.779,0.055,0.399,1.318,2024,😑,-2.4833826,117.8902853,279.8,25.0,17.0,25.0,68.0,7.0,69.0,73.0
Bulgaria,Central and Eastern Europe,81,5.463,1.629,1.469,0.567,0.62,0.006,0.083,1.088,2024,😑,42.6073975,25.4856617,6.6,14.0,10.0,15.0,64.0,22.0,73.0,79.0
Armenia,Commonwealth of Independent States,82,5.455,1.444,1.154,0.603,0.65,0.173,0.051,1.379,2024,😑,4.536307,-75.6723751,2.8,20.0,13.0,19.0,65.0,14.0,71.0,80.0
South Africa,Sub-Saharan Africa,82,5.422,1.389,1.369,0.322,0.537,0.034,0.078,1.693,2024,😑,-28.8166236,24.991639,61.0,28.0,18.0,25.0,66.0,6.0,64.0,70.0
Macedonia,Central and Eastern Europe,84,5.369,1.475,1.277,0.569,0.58,0.015,0.194,1.26,2024,😑,41.1927739,-95.4256198,2.1,16.0,11.0,17.0,69.0,16.0,76.0,80.0
Algeria,Middle East and North Africa,85,5.364,1.324,1.191,0.568,0.247,0.2,0.091,1.743,2024,😑,28.0000272,2.9999825,46.3,30.0,17.0,24.0,63.0,7.0,76.0,79.0
Hong Kong,East Asia,86,5.316,1.909,1.184,0.857,0.485,0.402,0.147,0.333,2024,😑,22.350627,114.1849161,7.5,12.0,8.0,12.0,66.0,22.0,83.0,89.0
Albania,Central and Eastern Europe,87,5.304,1.438,0.924,0.638,0.69,0.049,0.138,1.428,2024,😑,11.2448034,-72.51609706675980,2.8,16.0,12.0,18.0,66.0,18.0,78.0,82.0
Tajikistan,Commonwealth of Independent States,88,5.281,1.0528089683724000,1.0536016878616700,0.5781719451213200,0.4665502520044420,0.1343054408313920,0.191616229732276,1.993702602386480,2024,😑,38.6281733,70.8156541,10.3,36.0,21.0,29.0,60.0,4.0,69.0,74.0
Congo (Brazzaville),Sub-Saharan Africa,89,5.221,0.892,0.622,0.306,0.523,0.138,0.124,2.617,2024,😑,-0.7264327,15.6419155,6.2,40.0,24.0,32.0,57.0,3.0,62.0,65.0
Congo (Brazzaville),Sub-Saharan Africa,89,5.221,0.892,0.622,0.306,0.523,0.138,0.124,2.617,2024,😑,-0.7264327,15.6419155,105.6,46.0,23.0,32.0,51.0,3.0,59.0,63.0
Mozambique,Sub-Saharan Africa,90,5.216,0.56,0.883,0.156,0.728,0.196,0.158,2.536,2024,😑,-19.302233,34.9144977,34.9,43.0,24.0,33.0,54.0,3.0,60.0,65.0
Georgia,Commonwealth of Independent States,91,5.185,1.467,0.99,0.524,0.68,0.174,0.0,1.349,2024,😑,32.3293809,-83.1137366,3.7,21.0,13.0,19.0,64.0,15.0,69.0,79.0
Iraq,Middle East and North Africa,92,5.166,1.249,0.996,0.498,0.425,0.048,0.141,1.809,2024,😑,33.0955793,44.1749775,46.5,37.0,22.0,32.0,60.0,3.0,70.0,74.0
Nepal,South Asia,93,5.158,0.965,0.99,0.443,0.653,0.115,0.209,1.783,2024,😑,28.3780464,83.9999901,31.2,28.0,19.0,29.0,66.0,6.0,69.0,73.0
Laos,Southeast Asia,94,5.139,1.208,0.846,0.423,0.796,0.167,0.17,1.529,2024,😑,20.0171109,103.378253,7.7,30.0,19.0,28.0,65.0,5.0,67.0,72.0
Gabon,Sub-Saharan Africa,95,5.106,1.403,1.038,0.344,0.516,0.1,0.045,1.66,2024,😑,-0.8999695,11.6899699,2.5,36.0,21.0,29.0,60.0,4.0,65.0,70.0
Guinea,Sub-Saharan Africa,97,5.023,0.831,0.622,0.236,0.521,0.107,0.21,2.497,2024,😑,10.7226226,-10.7083587,1.8,38.0,22.0,29.0,59.0,3.0,61.0,64.0
Guinea,Sub-Saharan Africa,97,5.023,0.831,0.622,0.236,0.521,0.107,0.21,2.497,2024,😑,10.7226226,-10.7083587,14.5,41.0,23.0,33.0,56.0,3.0,59.0,62.0
Guinea,Sub-Saharan Africa,97,5.023,0.831,0.622,0.236,0.521,0.107,0.21,2.497,2024,😑,10.7226226,-10.7083587,2.2,39.0,24.0,33.0,58.0,3.0,60.0,64.0
Guinea,Sub-Saharan Africa,97,5.023,0.831,0.622,0.236,0.521,0.107,0.21,2.497,2024,😑,10.7226226,-10.7083587,10.5,34.0,21.0,30.0,63.0,3.0,64.0,69.0
Senegal,Sub-Saharan Africa,99,4.969,0.927,0.751,0.392,0.607,0.069,0.152,2.071,2024,😑,14.4750607,-14.4529612,18.2,41.0,23.0,33.0,56.0,3.0,67.0,73.0
Iran,Middle East and North Africa,100,4.923,1.435,1.136,0.571,0.366,0.123,0.235,1.057,2024,😑,32.6475314,54.5643516,89.8,23.0,15.0,21.0,69.0,8.0,75.0,80.0
Azerbaijan,Commonwealth of Independent States,101,4.893,1.433,0.876,0.496,0.668,0.199,0.112,1.11,2024,😑,40.3936294,47.7872508,10.5,22.0,16.0,22.0,70.0,8.0,71.0,77.0
Nigeria,Sub-Saharan Africa,102,4.881,1.042,1.075,0.256,0.566,0.019,0.201,1.722,2024,😑,9.6000359,7.9999721,229.2,42.0,23.0,33.0,55.0,3.0,54.0,55.0
Palestine,Middle East and North Africa,103,4.879,1.0528089683724000,1.0536016878616700,0.5781719451213200,0.4665502520044420,0.1343054408313920,0.191616229732276,1.993702602386480,2024,😑,31.7621153,-95.6307891,5.5,38.0,22.0,32.0,58.0,4.0,74.0,78.0
Cameroon,Sub-Saharan Africa,104,4.874,0.943,0.856,0.288,0.521,0.06,0.126,2.08,2024,😑,4.6125522,13.1535811,29.4,42.0,23.0,32.0,56.0,3.0,61.0,64.0
Ukraine,Commonwealth of Independent States,105,4.873,1.35,1.315,0.513,0.631,0.025,0.285,0.753,2024,😑,49.4871968,31.2718321,37.9,15.0,12.0,15.0,65.0,20.0,70.0,80.0
Namibia,Sub-Saharan Africa,106,4.832,1.266,1.212,0.307,0.47,0.061,0.069,1.446,2024,😑,-23.2335499,17.3231107,2.6,36.0,21.0,30.0,60.0,4.0,60.0,68.0
Morocco,Middle East and North Africa,107,4.795,1.213,0.471,0.495,0.631,0.082,0.042,1.861,2024,😑,28.3347722,-10.371337908392600,38.2,26.0,17.0,25.0,66.0,8.0,73.0,78.0
Pakistan,South Asia,108,4.657,1.069,0.6,0.321,0.542,0.074,0.144,1.907,2024,😑,30.3308401,71.247499,245.2,36.0,22.0,32.0,60.0,4.0,65.0,70.0
Niger,Sub-Saharan Africa,109,4.556,0.573,0.677,0.293,0.615,0.147,0.145,2.107,2024,😑,17.7356214,9.3238432,28.2,49.0,24.0,33.0,49.0,2.0,63.0,65.0
Burkina Faso,Sub-Saharan Africa,110,4.548,0.756,0.685,0.274,0.483,0.179,0.173,1.999,2024,😑,12.0753083,-1.6880314,23.8,43.0,24.0,34.0,55.0,3.0,59.0,63.0
Mauritania,Sub-Saharan Africa,111,4.505,1.078,0.705,0.4,0.343,0.198,0.133,1.649,2024,😑,20.2540382,-9.2399263,5.0,41.0,24.0,33.0,56.0,3.0,65.0,69.0
Gambia,Sub-Saharan Africa,112,4.485,0.75,0.684,0.33,0.459,0.048,0.324,1.89,2024,😡,13.470062,-15.4900464,2.8,42.0,24.0,34.0,55.0,2.0,63.0,66.0
Chad,Sub-Saharan Africa,113,4.471,0.603,0.805,0.199,0.411,0.113,0.218,2.122,2024,😡,15.6134137,19.0156172,18.8,47.0,24.0,33.0,51.0,2.0,52.0,56.0
Kenya,Sub-Saharan Africa,114,4.47,1.037,0.895,0.353,0.519,0.069,0.282,1.316,2024,😡,1.4419683,38.4313975,56.2,37.0,23.0,33.0,60.0,3.0,62.0,67.0
Tunisia,Middle East and North Africa,115,4.422,1.306,0.955,0.579,0.254,0.018,0.024,1.285,2024,😡,36.8002068,10.1857757,12.6,24.0,15.0,22.0,66.0,10.0,74.0,80.0
Benin,Sub-Saharan Africa,116,4.377,0.914,0.128,0.284,0.567,0.252,0.112,2.121,2024,😡,9.5293472,2.2584408,14.1,42.0,23.0,31.0,55.0,3.0,60.0,63.0
Uganda,Sub-Saharan Africa,117,4.372,0.772,1.151,0.373,0.587,0.054,0.178,1.256,2024,😡,1.5333554,32.2166578,49.9,44.0,25.0,35.0,54.0,2.0,62.0,66.0
Myanmar,Southeast Asia,118,4.354,0.978,0.988,0.436,0.45,0.174,0.401,0.928,2024,😡,17.1750495,95.9999652,55.0,24.0,16.0,24.0,69.0,7.0,65.0,71.0
Cambodia,Southeast Asia,119,4.341,1.011,1.019,0.442,0.863,0.071,0.17,0.765,2024,😡,12.5433216,104.8144914,17.1,28.0,19.0,27.0,65.0,6.0,69.0,74.0
Ghana,Sub-Saharan Africa,120,4.289,1.077,0.747,0.36,0.623,0.028,0.183,1.273,2024,😡,8.0300284,-1.0800271,34.8,36.0,22.0,31.0,60.0,4.0,63.0,68.0
Liberia,Sub-Saharan Africa,121,4.269,0.619,0.673,0.301,0.546,0.075,0.178,1.878,2024,😡,5.7499721,-9.3658524,5.5,40.0,24.0,34.0,57.0,3.0,61.0,64.0
Mali,Sub-Saharan Africa,122,4.232,0.747,0.688,0.267,0.586,0.09,0.12,1.734,2024,😡,16.3700359,-2.2900239,24.0,47.0,25.0,34.0,51.0,2.0,60.0,62.0
Mali,Sub-Saharan Africa,122,4.232,0.747,0.688,0.267,0.586,0.09,0.12,1.734,2024,😡,16.3700359,-2.2900239,18.7,47.0,24.0,33.0,51.0,3.0,56.0,60.0
Madagascar,Sub-Saharan Africa,123,4.228,0.628,0.823,0.333,0.25,0.123,0.172,1.897,2024,😡,-18.9249604,46.4416422,31.1,38.0,22.0,32.0,58.0,3.0,65.0,70.0
Togo,Sub-Saharan Africa,124,4.214,0.758,0.586,0.32,0.453,0.156,0.127,1.814,2024,😡,8.7800265,1.0199765,9.3,39.0,23.0,32.0,57.0,3.0,61.0,63.0
Jordan,Middle East and North Africa,125,4.186,1.262,0.983,0.594,0.593,0.189,0.059,0.504,2024,😡,44.6663146,-93.6261918,11.4,31.0,20.0,29.0,65.0,4.0,75.0,79.0
India,South Asia,126,4.054,1.166,0.653,0.417,0.767,0.122,0.174,0.756,2024,😡,22.3511148,78.6677428,1441.7,24.0,17.0,26.0,68.0,7.0,71.0,74.0
Egypt,Middle East and North Africa,127,3.977,1.37,0.996,0.488,0.49,0.259,0.025,0.349,2024,😡,26.2540493,29.2675469,114.5,32.0,20.0,28.0,63.0,5.0,70.0,75.0
Sri Lanka,South Asia,128,3.898,1.361,1.179,0.586,0.583,0.031,0.144,0.014,2024,😡,7.5554942,80.7137847,21.9,22.0,16.0,23.0,66.0,12.0,73.0,81.0
Bangladesh,South Asia,129,3.886,1.122,0.249,0.513,0.775,0.167,0.14,0.919,2024,😡,-0.2864982,36.0514231,174.7,25.0,18.0,27.0,68.0,6.0,72.0,77.0
Ethiopia,Sub-Saharan Africa,130,3.861,0.792,0.915,0.42,0.441,0.101,0.27,0.923,2024,😡,10.2116702,38.6521203,129.7,39.0,23.0,32.0,58.0,3.0,64.0,70.0
Tanzania,Sub-Saharan Africa,131,3.781,0.82,0.706,0.38,0.709,0.257,0.191,0.717,2024,😡,-6.5247123,35.7878438,69.4,43.0,23.0,33.0,54.0,3.0,66.0,70.0
Comoros,Sub-Saharan Africa,132,3.566,0.896,0.328,0.37,0.172,0.16,0.128,1.512,2024,😡,-12.2045176,44.2832964,0.9,37.0,21.0,30.0,58.0,4.0,63.0,68.0
Yemen,Middle East and North Africa,133,3.561,0.671,1.281,0.293,0.362,0.113,0.08,0.76,2024,😡,16.3471243,47.8915271,35.2,39.0,23.0,32.0,59.0,3.0,63.0,70.0
Zambia,Sub-Saharan Africa,134,3.502,0.899,0.809,0.264,0.727,0.109,0.168,0.526,2024,😡,-14.5189121,27.5589884,21.1,42.0,24.0,34.0,56.0,2.0,61.0,66.0
Eswatini,Sub-Saharan Africa,135,3.502,1.255,0.925,0.176,0.284,0.116,0.059,0.686,2024,😡,-26.5624806,31.3991317,1.2,34.0,22.0,31.0,62.0,4.0,58.0,65.0
Malawi,Sub-Saharan Africa,136,3.421,0.617,0.41,0.349,0.571,0.136,0.135,1.203,2024,😡,-13.2687204,33.9301963,21.5,42.0,25.0,35.0,56.0,3.0,62.0,69.0
Botswana,Sub-Saharan Africa,137,3.383,1.445,0.969,0.241,0.567,0.082,0.014,0.066,2024,😡,-23.1681782,24.5928742,2.7,32.0,20.0,28.0,64.0,4.0,64.0,69.0
Zimbabwe,Sub-Saharan Africa,138,3.341,0.748,0.85,0.232,0.487,0.131,0.096,0.797,2024,😡,-18.4554963,29.7468414,17.0,40.0,24.0,34.0,57.0,3.0,59.0,65.0
Sierra Leone,Sub-Saharan Africa,140,3.245,0.654,0.566,0.253,0.469,0.053,0.181,1.068,2024,😡,8.6400349,-11.8400269,9.0,38.0,23.0,33.0,59.0,3.0,60.0,63.0
Lesotho,Sub-Saharan Africa,141,3.186,0.771,0.851,0.0,0.523,0.085,0.082,0.875,2024,😡,-29.6039267,28.3350193,2.4,34.0,21.0,30.0,62.0,4.0,52.0,58.0
Lebanon,Middle East and North Africa,142,2.707,1.377,0.577,0.556,0.173,0.029,0.068,-0.073,2024,😡,40.375713,-76.4626118,5.2,27.0,20.0,27.0,62.0,11.0,78.0,82.0
Afghanistan,South Asia,143,1.721,0.628,0.0,0.242,0.0,0.088,0.091,0.672,2024,😡,33.7680065,66.2385139,43.4,43.0,24.0,34.0,55.0,2.0,62.0,68.0